Data,Otwarcie,Najwyzszy,Najnizszy,Zamkniecie,Wolumen
1995-01-02,749.7,749.7,749.7,749.7,2623478
1995-01-03,775.9,775.9,775.9,775.9,3763225
1995-01-04,760.8,760.8,760.8,760.8,3287448
1995-01-05,766.3,766.3,766.3,766.3,3090882
1995-01-06,735.3,735.3,735.3,735.3,1979411
1995-01-09,743.8,743.8,743.8,743.8,1569598
1995-01-10,721.9,721.9,721.9,721.9,1379210
1995-01-11,732.6,732.6,732.6,732.6,2270028
1995-01-12,726.5,726.5,726.5,726.5,1838003
1995-01-13,739.4,739.4,739.4,739.4,1853161
1995-01-16,740.6,740.6,740.6,740.6,2162509
1995-01-17,737.9,737.9,737.9,737.9,1880198
1995-01-18,733.4,733.4,733.4,733.4,1978861
1995-01-19,729.4,729.4,729.4,729.4,1700821
1995-01-20,718.5,718.5,718.5,718.5,1898106
1995-01-23,696,696,696,696,1547965
1995-01-24,679.1,679.1,679.1,679.1,2120862
1995-01-25,679.1,679.1,679.1,679.1,2244442
1995-01-26,662.2,662.2,662.2,662.2,1490103
1995-01-27,641.6,641.6,641.6,641.6,1296441
1995-01-30,632.8,632.8,632.8,632.8,1814923
1995-01-31,605.9,605.9,605.9,605.9,1972396
1995-02-01,615.5,615.5,615.5,615.5,2014314
1995-02-02,597.8,597.8,597.8,597.8,2199993
1995-02-03,586.7,586.7,586.7,586.7,1949411
1995-02-06,620.2,620.2,620.2,620.2,937601
1995-02-07,663.3,663.3,663.3,663.3,4506182
1995-02-08,653.1,653.1,653.1,653.1,3478111
1995-02-09,658.9,658.9,658.9,658.9,2537573
1995-02-10,648.7,648.7,648.7,648.7,2446711
1995-02-13,632,632,632,632,1410337
1995-02-14,646.1,646.1,646.1,646.1,1393876
1995-02-15,649.5,649.5,649.5,649.5,1500049
1995-02-16,657.4,657.4,657.4,657.4,1722527
1995-02-17,659.6,659.6,659.6,659.6,1763525
1995-02-20,648.7,648.7,648.7,648.7,1169064
1995-02-21,618,618,618,618,3328295
1995-02-22,615,615,615,615,1870329
1995-02-23,629.8,629.8,629.8,629.8,1852027
1995-02-24,678.9,678.9,678.9,678.9,5114083
1995-02-27,645.9,645.9,645.9,645.9,1763819
1995-02-28,632.3,632.3,632.3,632.3,1364431
1995-03-01,633.8,633.8,633.8,633.8,1071551
1995-03-02,641.3,641.3,641.3,641.3,1136307
1995-03-03,657.4,657.4,657.4,657.4,2343624
1995-03-06,660.9,660.9,660.9,660.9,1537590
1995-03-07,654.7,654.7,654.7,654.7,1745174
1995-03-08,653.3,653.3,653.3,653.3,1217610
1995-03-09,650.8,650.8,650.8,650.8,1329794
1995-03-10,638.9,638.9,638.9,638.9,1235977
1995-03-13,635,635,635,635,1153957
1995-03-14,618.8,618.8,618.8,618.8,1309188
1995-03-15,619.3,619.3,619.3,619.3,1036844
1995-03-16,612,612,612,612,1114170
1995-03-17,606,606,606,606,1190985
1995-03-20,600.1,600.1,600.1,600.1,1018265
1995-03-21,593.3,593.3,593.3,593.3,1198666
1995-03-22,584.5,584.5,584.5,584.5,1159118
1995-03-23,578.1,578.1,578.1,578.1,1065344
1995-03-24,581.3,581.3,581.3,581.3,1043791
1995-03-27,593,593,593,593,1250510
1995-03-28,577.8,577.8,577.8,577.8,1671827
1995-03-29,583.5,583.5,583.5,583.5,1455221
1995-03-30,594.5,594.5,594.5,594.5,1523178
1995-03-31,606.6,606.6,606.6,606.6,1530840
1995-04-03,605.3,605.3,605.3,605.3,1354081
1995-04-04,625.2,625.2,625.2,625.2,2306598
1995-04-05,643.5,643.5,643.5,643.5,2193462
1995-04-06,669.4,669.4,669.4,669.4,3736107
1995-04-07,689.9,689.9,689.9,689.9,3331389
1995-04-10,729.9,729.9,729.9,729.9,5239447
1995-04-11,741.3,741.3,741.3,741.3,5524200
1995-04-12,742,742,742,742,4628590
1995-04-13,709.9,709.9,709.9,709.9,4057733
1995-04-14,731,731,731,731,2653962
1995-04-18,764.7,764.7,764.7,764.7,2903277
1995-04-19,816.8,816.8,816.8,816.8,5366832
1995-04-20,849.4,849.4,849.4,849.4,10912212
1995-04-21,830.8,830.8,830.8,830.8,6935733
1995-04-24,882.3,882.3,882.3,882.3,3717283
1995-04-25,900.8,900.8,900.8,900.8,8993304
1995-04-26,840.3,840.3,840.3,840.3,5590869
1995-04-27,869.4,869.4,869.4,869.4,7035357
1995-04-28,853.3,853.3,853.3,853.3,6400038
1995-05-04,848.5,848.5,848.5,848.5,4594579
1995-05-05,834.2,834.2,834.2,834.2,4108917
1995-05-09,839,839,839,839,3571981
1995-05-10,864,864,864,864,4988168
1995-05-11,894.8,894.8,894.8,894.8,5614432
1995-05-12,915.2,915.2,915.2,915.2,5358786
1995-05-15,901.7,901.7,901.7,901.7,4593631
1995-05-16,864.8,864.8,864.8,864.8,3519266
1995-05-17,828.5,828.5,828.5,828.5,2930949
1995-05-18,817.9,817.9,817.9,817.9,4614319
1995-05-19,802.4,802.4,802.4,802.4,3630008
1995-05-22,761.8,761.8,761.8,761.8,3198922
1995-05-23,724.4,724.4,724.4,724.4,4059899
1995-05-24,776.8,776.8,776.8,776.8,3053795
1995-05-25,826.1,826.1,826.1,826.1,7027917
1995-05-26,782.2,782.2,782.2,782.2,3379987
1995-05-29,818.9,818.9,818.9,818.9,3557603
1995-05-30,768.7,768.7,768.7,768.7,3060969
1995-05-31,777.9,777.9,777.9,777.9,2689598
1995-06-01,742.1,742.1,742.1,742.1,2253607
1995-06-02,746.6,746.6,746.6,746.6,2471943
1995-06-05,785.3,785.3,785.3,785.3,1927603
1995-06-06,797.9,797.9,797.9,797.9,2308402
1995-06-07,799.9,799.9,799.9,799.9,2381055
1995-06-08,803.6,803.6,803.6,803.6,2764942
1995-06-09,796.8,796.8,796.8,796.8,1639681
1995-06-12,791.4,791.4,791.4,791.4,1500637
1995-06-13,788.8,788.8,788.8,788.8,1424187
1995-06-14,787.2,787.2,787.2,787.2,1415800
1995-06-16,762.9,762.9,762.9,762.9,1339835
1995-06-19,758.9,758.9,758.9,758.9,1273660
1995-06-20,781,781,781,781,1502074
1995-06-21,792.4,792.4,792.4,792.4,1717496
1995-06-22,790.1,790.1,790.1,790.1,1758721
1995-06-23,794.8,794.8,794.8,794.8,1449226
1995-06-26,822.2,822.2,822.2,822.2,3113093
1995-06-27,833.1,833.1,833.1,833.1,2799465
1995-06-28,820.1,820.1,820.1,820.1,1834016
1995-06-29,840.1,840.1,840.1,840.1,2456645
1995-06-30,849.9,849.9,849.9,849.9,3618467
1995-07-03,852.2,852.2,852.2,852.2,2172393
1995-07-04,846,846,846,846,3184085
1995-07-05,824.2,824.2,824.2,824.2,2201022
1995-07-06,827.6,827.6,827.6,827.6,1918186
1995-07-07,830,830,830,830,1681100
1995-07-10,829.2,829.2,829.2,829.2,1519208
1995-07-11,820.5,820.5,820.5,820.5,1759184
1995-07-12,803.7,803.7,803.7,803.7,1605969
1995-07-13,817.4,817.4,817.4,817.4,1860833
1995-07-14,821,821,821,821,1512433
1995-07-17,845.9,845.9,845.9,845.9,2582640
1995-07-18,871.8,871.8,871.8,871.8,3510732
1995-07-19,860,860,860,860,3523731
1995-07-20,857.8,857.8,857.8,857.8,2854676
1995-07-21,843.1,843.1,843.1,843.1,2269206
1995-07-24,824.5,824.5,824.5,824.5,1951810
1995-07-25,812.4,812.4,812.4,812.4,1901203
1995-07-26,816.6,816.6,816.6,816.6,2006617
1995-07-27,838.3,838.3,838.3,838.3,2917612
1995-07-28,831.6,831.6,831.6,831.6,2805582
1995-07-31,814.7,814.7,814.7,814.7,2087902
1995-08-01,811.8,811.8,811.8,811.8,1590937
1995-08-02,820.4,820.4,820.4,820.4,1573750
1995-08-03,816.3,816.3,816.3,816.3,2052891
1995-08-04,812.1,812.1,812.1,812.1,1524131
1995-08-07,819.2,819.2,819.2,819.2,1526917
1995-08-08,813.1,813.1,813.1,813.1,1276460
1995-08-09,813.5,813.5,813.5,813.5,1407143
1995-08-10,826.2,826.2,826.2,826.2,1944511
1995-08-11,841.1,841.1,841.1,841.1,2717688
1995-08-16,842.7,842.7,842.7,842.7,1917614
1995-08-17,838,838,838,838,2010789
1995-08-18,837.3,837.3,837.3,837.3,1491655
1995-08-21,839.8,839.8,839.8,839.8,1614751
1995-08-22,835.1,835.1,835.1,835.1,1747469
1995-08-23,835.1,835.1,835.1,835.1,1661086
1995-08-24,839.1,839.1,839.1,839.1,1149180
1995-08-25,841.2,841.2,841.2,841.2,1126727
1995-08-28,838.2,838.2,838.2,838.2,1158530
1995-08-29,835.4,835.4,835.4,835.4,1412130
1995-08-30,828.1,828.1,828.1,828.1,1436920
1995-08-31,824.7,824.7,824.7,824.7,1501028
1995-09-01,831.7,831.7,831.7,831.7,1359865
1995-09-04,844.8,844.8,844.8,844.8,2292627
1995-09-05,860.8,860.8,860.8,860.8,2582219
1995-09-06,863.1,863.1,863.1,863.1,2771088
1995-09-07,863.8,863.8,863.8,863.8,2223665
1995-09-08,883.6,883.6,883.6,883.6,3347306
1995-09-11,909,909,909,909,4368167
1995-09-12,925.4,925.4,925.4,925.4,4614761
1995-09-13,911.8,911.8,911.8,911.8,4001773
1995-09-14,929.1,929.1,929.1,929.1,3814539
1995-09-15,906.1,906.1,906.1,906.1,3454133
1995-09-18,882.9,882.9,882.9,882.9,2805175
1995-09-19,874.7,874.7,874.7,874.7,2862520
1995-09-20,885.7,885.7,885.7,885.7,2619874
1995-09-21,885.5,885.5,885.5,885.5,2085106
1995-09-22,885.4,885.4,885.4,885.4,1835243
1995-09-25,880.3,880.3,880.3,880.3,1831869
1995-09-26,878.4,878.4,878.4,878.4,1908865
1995-09-27,890,890,890,890,1643409
1995-09-28,882,882,882,882,2341351
1995-09-29,884.8,884.8,884.8,884.8,1864057
1995-10-02,879.6,879.6,879.6,879.6,1732856
1995-10-03,869.7,869.7,869.7,869.7,1878685
1995-10-04,845.3,845.3,845.3,845.3,1855772
1995-10-05,838.7,838.7,838.7,838.7,1644590
1995-10-06,846.5,846.5,846.5,846.5,1726997
1995-10-09,827.2,827.2,827.2,827.2,1795287
1995-10-10,805.7,805.7,805.7,805.7,1810070
1995-10-11,805.7,805.7,805.7,805.7,1721004
1995-10-12,810.1,810.1,810.1,810.1,1315308
1995-10-13,798.6,798.6,798.6,798.6,1157921
1995-10-16,812.7,812.7,812.7,812.7,1377813
1995-10-17,825.4,825.4,825.4,825.4,1747525
1995-10-18,825.5,825.5,825.5,825.5,2058462
1995-10-19,814.3,814.3,814.3,814.3,2126578
1995-10-20,789.7,789.7,789.7,789.7,1786639
1995-10-23,801,801,801,801,1463051
1995-10-24,796.3,796.3,796.3,796.3,1464878
1995-10-25,804.4,804.4,804.4,804.4,1252720
1995-10-26,810.7,810.7,810.7,810.7,1329123
1995-10-27,804.1,804.1,804.1,804.1,1443536
1995-10-30,801.7,801.7,801.7,801.7,1168267
1995-10-31,797.5,797.5,797.5,797.5,1406157
1995-11-02,824.7,824.7,824.7,824.7,1667950
1995-11-03,841.4,841.4,841.4,841.4,2323139
1995-11-06,849.8,849.8,849.8,849.8,2011006
1995-11-07,854.3,854.3,854.3,854.3,2118052
1995-11-08,863.1,863.1,863.1,863.1,2404881
1995-11-09,855.3,855.3,855.3,855.3,1971474
1995-11-10,844.6,844.6,844.6,844.6,1967136
1995-11-13,839.6,839.6,839.6,839.6,1609969
1995-11-14,842.4,842.4,842.4,842.4,1685160
1995-11-15,844.4,844.4,844.4,844.4,1396173
1995-11-16,843.8,843.8,843.8,843.8,1630025
1995-11-17,851,851,851,851,1787342
1995-11-20,817.7,817.7,817.7,817.7,3291062
1995-11-21,817.1,817.1,817.1,817.1,1788675
1995-11-22,834.2,834.2,834.2,834.2,2469221
1995-11-23,842.6,842.6,842.6,842.6,2372841
1995-11-24,837.8,837.8,837.8,837.8,1542842
1995-11-27,841.2,841.2,841.2,841.2,1426718
1995-11-28,847.1,847.1,847.1,847.1,2122313
1995-11-29,837.3,837.3,837.3,837.3,1880049
1995-11-30,834,834,834,834,1730211
1995-12-01,833.2,833.2,833.2,833.2,2173483
1995-12-04,840.3,840.3,840.3,840.3,1899762
1995-12-05,845.7,845.7,845.7,845.7,2661282
1995-12-06,830.3,830.3,830.3,830.3,1973662
1995-12-07,823.8,823.8,823.8,823.8,2737351
1995-12-08,819.1,819.1,819.1,819.1,1779585
1995-12-11,832.2,832.2,832.2,832.2,1527037
1995-12-12,831.1,831.1,831.1,831.1,2163609
1995-12-13,821.1,821.1,821.1,821.1,1783621
1995-12-14,821,821,821,821,1947696
1995-12-15,813.1,813.1,813.1,813.1,1942859
1995-12-18,810.4,810.4,810.4,810.4,1708513
1995-12-19,800,800,800,800,1677454
1995-12-20,771.7,771.7,771.7,771.7,2796969
1995-12-21,772.7,772.7,772.7,772.7,1847676
1995-12-22,785.1,785.1,785.1,785.1,1592496
1995-12-27,790.1,790.1,790.1,790.1,1392380
1995-12-28,797.1,797.1,797.1,797.1,2100768
1995-12-29,791.9,791.9,791.9,791.9,2069414
1996-01-02,810.7,810.7,810.7,810.7,890568
1996-01-03,822.9,822.9,822.9,822.9,2247575
1996-01-04,834.6,834.6,834.6,834.6,2884843
1996-01-05,870.5,870.5,870.5,870.5,4029881
1996-01-08,888.6,888.6,888.6,888.6,4406578
1996-01-09,920.5,920.5,920.5,920.5,5742643
1996-01-10,921.1,921.1,921.1,921.1,5551738
1996-01-11,935.7,935.7,935.7,935.7,5951699
1996-01-12,924.7,924.7,924.7,924.7,4678698
1996-01-15,920,920,920,920,2827541
1996-01-16,915.9,915.9,915.9,915.9,2431303
1996-01-17,925.6,925.6,925.6,925.6,2893987
1996-01-18,913.2,913.2,913.2,913.2,3304773
1996-01-19,903.2,903.2,903.2,903.2,3095453
1996-01-22,919.3,919.3,919.3,919.3,3067638
1996-01-23,925,925,925,925,2807760
1996-01-24,957.7,957.7,957.7,957.7,4418794
1996-01-25,1001,1001,1001,1001,7079558
1996-01-26,1028.9,1028.9,1028.9,1028.9,8104884
1996-01-29,1063.5,1063.5,1063.5,1063.5,8156858
1996-01-30,1065.2,1065.2,1065.2,1065.2,7389933
1996-01-31,1097.5,1097.5,1097.5,1097.5,8096251
1996-02-01,1087.4,1087.4,1087.4,1087.4,7209345
1996-02-02,1111.4,1111.4,1111.4,1111.4,7582903
1996-02-05,1114.4,1114.4,1114.4,1114.4,5948875
1996-02-06,1121.5,1121.5,1121.5,1121.5,4468906
1996-02-07,1115,1115,1115,1115,4405431
1996-02-08,1120.8,1120.8,1120.8,1120.8,4681193
1996-02-09,1137.5,1137.5,1137.5,1137.5,5840140
1996-02-12,1183,1183,1183,1183,11378887
1996-02-13,1137.7,1137.7,1137.7,1137.7,8062139
1996-02-14,1127.8,1127.8,1127.8,1127.8,5391210
1996-02-15,1123.3,1123.3,1123.3,1123.3,3876436
1996-02-16,1119.1,1119.1,1119.1,1119.1,4076944
1996-02-19,1114.8,1114.8,1114.8,1114.8,3479246
1996-02-20,1068.1,1068.1,1068.1,1068.1,3768456
1996-02-21,1064.7,1064.7,1064.7,1064.7,2655956
1996-02-22,1089.5,1089.5,1089.5,1089.5,3822490
1996-02-23,1084.3,1084.3,1084.3,1084.3,3913395
1996-02-26,1093.9,1093.9,1093.9,1093.9,3418290
1996-02-27,1101.4,1101.4,1101.4,1101.4,3458820
1996-02-28,1126.8,1126.8,1126.8,1126.8,3058956
1996-02-29,1163.1,1163.1,1163.1,1163.1,5315397
1996-03-01,1177.1,1177.1,1177.1,1177.1,4781526
1996-03-04,1207.7,1207.7,1207.7,1207.7,6811023
1996-03-05,1220.2,1220.2,1220.2,1220.2,8244938
1996-03-06,1257.3,1257.3,1257.3,1257.3,6055582
1996-03-07,1267.4,1267.4,1267.4,1267.4,6775638
1996-03-08,1282,1282,1282,1282,4975433
1996-03-11,1223.5,1223.5,1223.5,1223.5,4111076
1996-03-12,1218.8,1218.8,1218.8,1218.8,3453366
1996-03-13,1239.6,1239.6,1239.6,1239.6,3974888
1996-03-14,1220.1,1220.1,1220.1,1220.1,2946867
1996-03-15,1219.4,1219.4,1219.4,1219.4,5058821
1996-03-18,1249.8,1249.8,1249.8,1249.8,5606073
1996-03-19,1259.6,1259.6,1259.6,1259.6,6951813
1996-03-20,1249.5,1249.5,1249.5,1249.5,4982080
1996-03-21,1235.7,1235.7,1235.7,1235.7,4033212
1996-03-22,1203.7,1203.7,1203.7,1203.7,6048180
1996-03-25,1186.9,1186.9,1186.9,1186.9,5298408
1996-03-26,1186.1,1186.1,1186.1,1186.1,3153125
1996-03-27,1204.7,1204.7,1204.7,1204.7,3649615
1996-03-28,1192.3,1192.3,1192.3,1192.3,3676988
1996-03-29,1204.1,1204.1,1204.1,1204.1,5174777
1996-04-01,1220.8,1220.8,1220.8,1220.8,3345213
1996-04-02,1218.4,1218.4,1218.4,1218.4,4862139
1996-04-03,1208.5,1208.5,1208.5,1208.5,5461583
1996-04-04,1222.7,1222.7,1222.7,1222.7,3574731
1996-04-05,1231.1,1231.1,1231.1,1231.1,3389988
1996-04-09,1232.7,1232.7,1232.7,1232.7,3588218
1996-04-10,1232.1,1232.1,1232.1,1232.1,2788243
1996-04-11,1234.1,1234.1,1234.1,1234.1,2263951
1996-04-12,1233.2,1233.2,1233.2,1233.2,3016276
1996-04-15,1230.8,1230.8,1230.8,1230.8,3385213
1996-04-16,1242.8,1242.8,1242.8,1242.8,5087588
1996-04-17,1255.1,1255.1,1255.1,1255.1,5389598
1996-04-18,1253.7,1253.7,1253.7,1253.7,5997779
1996-04-19,1253,1253,1253,1253,4948839
1996-04-22,1268.5,1268.5,1268.5,1268.5,4727755
1996-04-23,1289.1,1289.1,1289.1,1289.1,5379209
1996-04-24,1290.8,1290.8,1290.8,1290.8,5657841
1996-04-25,1299.6,1299.6,1299.6,1299.6,5438593
1996-04-26,1290.3,1290.3,1290.3,1290.3,4651083
1996-04-29,1301.2,1301.2,1301.2,1301.2,4396098
1996-04-30,1298.9,1298.9,1298.9,1298.9,3647425
1996-05-06,1315.4,1315.4,1315.4,1315.4,4107642
1996-05-07,1378.1,1378.1,1378.1,1378.1,7579463
1996-05-08,1389.5,1389.5,1389.5,1389.5,7395919
1996-05-09,1400.7,1400.7,1400.7,1400.7,6490629
1996-05-10,1378.6,1378.6,1378.6,1378.6,5995384
1996-05-13,1374.7,1374.7,1374.7,1374.7,5316046
1996-05-14,1354.6,1354.6,1354.6,1354.6,5094704
1996-05-15,1342.6,1342.6,1342.6,1342.6,5529076
1996-05-16,1351,1351,1351,1351,4729107
1996-05-17,1358.2,1358.2,1358.2,1358.2,5450604
1996-05-20,1360.4,1360.4,1360.4,1360.4,5496324
1996-05-21,1337.4,1337.4,1337.4,1337.4,4591861
1996-05-22,1304.7,1304.7,1304.7,1304.7,4281909
1996-05-23,1261.2,1261.2,1261.2,1261.2,3628942
1996-05-24,1255.6,1255.6,1255.6,1255.6,5137442
1996-05-27,1255.7,1255.7,1255.7,1255.7,3454426
1996-05-28,1244.7,1244.7,1244.7,1244.7,2888308
1996-05-29,1252.7,1252.7,1252.7,1252.7,3561171
1996-05-30,1235.9,1235.9,1235.9,1235.9,2526061
1996-05-31,1251.1,1251.1,1251.1,1251.1,2681516
1996-06-03,1269.3,1269.3,1269.3,1269.3,2750693
1996-06-04,1297.5,1297.5,1297.5,1297.5,3038935
1996-06-05,1300.9,1300.9,1300.9,1300.9,3530215
1996-06-07,1331.2,1331.2,1331.2,1331.2,4117397
1996-06-10,1361.1,1361.1,1361.1,1361.1,3918827
1996-06-11,1371.7,1371.7,1371.7,1371.7,5053572
1996-06-12,1367.6,1367.6,1367.6,1367.6,3673721
1996-06-13,1367.1,1367.1,1367.1,1367.1,3122696
1996-06-14,1342.4,1342.4,1342.4,1342.4,2711564
1996-06-17,1352.1,1352.1,1352.1,1352.1,2882413
1996-06-18,1354.3,1354.3,1354.3,1354.3,2922631
1996-06-19,1365.7,1365.7,1365.7,1365.7,5143660
1996-06-20,1361.2,1361.2,1361.2,1361.2,3084043
1996-06-21,1369.4,1369.4,1369.4,1369.4,2477228
1996-06-24,1412.5,1412.5,1412.5,1412.5,3657796
1996-06-25,1437.8,1437.8,1437.8,1437.8,4542737
1996-06-26,1459.1,1459.1,1459.1,1459.1,5073841
1996-06-27,1451.9,1451.9,1451.9,1451.9,3996168
1996-06-28,1441.2,1441.2,1441.2,1441.2,3405074
1996-07-01,1447,1447,1447,1447,2437258
1996-07-02,1430.5,1430.5,1430.5,1430.5,2063286
1996-07-03,1430.1,1430.1,1430.1,1430.1,3074914
1996-07-04,1498.2,1498.2,1498.2,1498.2,3904848
1996-07-05,1513.3,1513.3,1513.3,1513.3,3176140
1996-07-08,1480.2,1480.2,1480.2,1480.2,3154126
1996-07-09,1465.1,1465.1,1465.1,1465.1,2469140
1996-07-10,1434.4,1434.4,1434.4,1434.4,2870666
1996-07-11,1415.5,1415.5,1415.5,1415.5,3162040
1996-07-12,1396.3,1396.3,1396.3,1396.3,3360895
1996-07-15,1407.7,1407.7,1407.7,1407.7,3293426
1996-07-16,1371.7,1371.7,1371.7,1371.7,2059246
1996-07-17,1347.8,1347.8,1347.8,1347.8,2622046
1996-07-18,1334.7,1334.7,1334.7,1334.7,2490433
1996-07-19,1327.1,1327.1,1327.1,1327.1,3121593
1996-07-22,1301.1,1301.1,1301.1,1301.1,2612563
1996-07-23,1292.7,1292.7,1292.7,1292.7,2450259
1996-07-24,1315,1315,1315,1315,3326831
1996-07-25,1335.2,1335.2,1335.2,1335.2,2478277
1996-07-26,1338.6,1338.6,1338.6,1338.6,2637275
1996-07-29,1363.2,1363.2,1363.2,1363.2,2213760
1996-07-30,1356.4,1356.4,1356.4,1356.4,2342439
1996-07-31,1351.6,1351.6,1351.6,1351.6,2047104
1996-08-01,1317.9,1317.9,1317.9,1317.9,2415303
1996-08-02,1288.1,1288.1,1288.1,1288.1,1585079
1996-08-05,1342,1342,1342,1342,2426239
1996-08-06,1329.9,1329.9,1329.9,1329.9,1666230
1996-08-07,1295.7,1295.7,1295.7,1295.7,1804201
1996-08-08,1311.1,1311.1,1311.1,1311.1,1970545
1996-08-09,1325,1325,1325,1325,1783498
1996-08-12,1318.7,1318.7,1318.7,1318.7,1547805
1996-08-13,1302.5,1302.5,1302.5,1302.5,1458868
1996-08-14,1306.4,1306.4,1306.4,1306.4,1907338
1996-08-16,1331.1,1331.1,1331.1,1331.1,2309459
1996-08-19,1360.5,1360.5,1360.5,1360.5,3582961
1996-08-20,1377.7,1377.7,1377.7,1377.7,3565635
1996-08-21,1378.2,1378.2,1378.2,1378.2,2719253
1996-08-22,1419.3,1419.3,1419.3,1419.3,3327853
1996-08-23,1449,1449,1449,1449,3288857
1996-08-26,1436.2,1436.2,1436.2,1436.2,2619435
1996-08-27,1413.5,1413.5,1413.5,1413.5,2007298
1996-08-28,1423.7,1423.7,1423.7,1423.7,1662353
1996-08-29,1415.4,1415.4,1415.4,1415.4,1681010
1996-08-30,1442,1442,1442,1442,2691034
1996-09-02,1455.3,1455.3,1455.3,1455.3,2879472
1996-09-03,1448,1448,1448,1448,2636960
1996-09-04,1436.8,1436.8,1436.8,1436.8,2651318
1996-09-05,1408.9,1408.9,1408.9,1408.9,2111946
1996-09-06,1401.6,1401.6,1401.6,1401.6,2288895
1996-09-09,1415.5,1415.5,1415.5,1415.5,1627135
1996-09-10,1436.7,1436.7,1436.7,1436.7,2384632
1996-09-11,1429,1429,1429,1429,2043016
1996-09-12,1448.3,1448.3,1448.3,1448.3,2160591
1996-09-13,1471.1,1471.1,1471.1,1471.1,3196076
1996-09-16,1507.6,1507.6,1507.6,1507.6,4566085
1996-09-17,1532.2,1532.2,1532.2,1532.2,4323770
1996-09-18,1534.7,1534.7,1534.7,1534.7,4734778
1996-09-19,1501.6,1501.6,1501.6,1501.6,3124758
1996-09-20,1496.6,1496.6,1496.6,1496.6,3043539
1996-09-23,1519.8,1519.8,1519.8,1519.8,2972771
1996-09-24,1511.2,1511.2,1511.2,1511.2,3332638
1996-09-25,1490.6,1490.6,1490.6,1490.6,3500626
1996-09-26,1495.5,1495.5,1495.5,1495.5,2292563
1996-09-27,1524,1524,1524,1524,3784165
1996-09-30,1517.2,1517.2,1517.2,1517.2,3354455
1996-10-01,1513.8,1513.8,1513.8,1513.8,4427449
1996-10-02,1513.9,1513.9,1513.9,1513.9,4384795
1996-10-03,1505.5,1505.5,1505.5,1505.5,3225771
1996-10-04,1513.6,1513.6,1513.6,1513.6,3491794
1996-10-07,1530.3,1530.3,1530.3,1530.3,3584411
1996-10-08,1551.6,1551.6,1551.6,1551.6,3846251
1996-10-09,1561.9,1561.9,1561.9,1561.9,4150564
1996-10-10,1559,1559,1559,1559,3918520
1996-10-11,1543.5,1543.5,1543.5,1543.5,2950380
1996-10-14,1541.5,1541.5,1541.5,1541.5,3035312
1996-10-15,1546.7,1546.7,1546.7,1546.7,2812153
1996-10-16,1546.2,1546.2,1546.2,1546.2,2703688
1996-10-17,1532.9,1532.9,1532.9,1532.9,2296829
1996-10-18,1522,1522,1522,1522,2883673
1996-10-21,1485,1485,1485,1485,2868108
1996-10-22,1456,1456,1456,1456,2537687
1996-10-23,1456.3,1456.3,1456.3,1456.3,2842554
1996-10-24,1414,1414,1414,1414,2828292
1996-10-25,1381.1,1381.1,1381.1,1381.1,2858063
1996-10-28,1348.6,1348.6,1348.6,1348.6,2725701
1996-10-29,1320.5,1320.5,1320.5,1320.5,2797588
1996-10-30,1361.7,1361.7,1361.7,1361.7,2912307
1996-10-31,1381.7,1381.7,1381.7,1381.7,3371015
1996-11-04,1387.8,1387.8,1387.8,1387.8,2513014
1996-11-05,1381.3,1381.3,1381.3,1381.3,2032529
1996-11-06,1424,1424,1424,1424,3389127
1996-11-07,1424.9,1424.9,1424.9,1424.9,2457848
1996-11-08,1417.2,1417.2,1417.2,1417.2,1739007
1996-11-12,1400.9,1400.9,1400.9,1400.9,1592306
1996-11-13,1382.7,1382.7,1382.7,1382.7,1863633
1996-11-14,1366.8,1366.8,1366.8,1366.8,2061993
1996-11-15,1380.5,1380.5,1380.5,1380.5,2091128
1996-11-18,1387.6,1387.6,1387.6,1387.6,1911481
1996-11-19,1386.8,1386.8,1386.8,1386.8,2429495
1996-11-20,1380.9,1380.9,1380.9,1380.9,1798618
1996-11-21,1387.4,1387.4,1387.4,1387.4,1642714
1996-11-22,1395.8,1395.8,1395.8,1395.8,2002676
1996-11-25,1400.3,1400.3,1400.3,1400.3,2330390
1996-11-26,1387.4,1387.4,1387.4,1387.4,1807166
1996-11-27,1394.2,1394.2,1394.2,1394.2,2772989
1996-11-28,1396.9,1396.9,1396.9,1396.9,2220307
1996-11-29,1406.7,1406.7,1406.7,1406.7,2291061
1996-12-02,1391.4,1391.4,1391.4,1391.4,2312726
1996-12-03,1386.7,1386.7,1386.7,1386.7,2739432
1996-12-04,1385.6,1385.6,1385.6,1385.6,2274486
1996-12-05,1398.2,1398.2,1398.2,1398.2,2463735
1996-12-06,1386.4,1386.4,1386.4,1386.4,2019211
1996-12-09,1368,1368,1368,1368,2376452
1996-12-10,1368,1368,1368,1368,2576524
1996-12-11,1389,1389,1389,1389,2085620
1996-12-12,1408.6,1408.6,1408.6,1408.6,2986649
1996-12-13,1408.9,1408.9,1408.9,1408.9,3236441
1996-12-16,1399.3,1399.3,1399.3,1399.3,2638305
1996-12-17,1398,1398,1398,1398,2717262
1996-12-18,1408,1408,1408,1408,2937913
1996-12-19,1412.2,1412.2,1412.2,1412.2,2753126
1996-12-20,1430.1,1430.1,1430.1,1430.1,2832251
1996-12-23,1451.5,1451.5,1451.5,1451.5,3492484
1996-12-24,1432,1432,1432,1432,2174495
1996-12-30,1428.2,1428.2,1428.2,1428.2,1601061
1996-12-31,1441.8,1441.8,1441.8,1441.8,2221331
1997-01-02,1448.6,1463.2,1448.6,1462.5,2260156
1997-01-03,1451.8,1458.7,1449.4,1449.4,2442818
1997-01-06,1449.6,1470.5,1449.6,1456.3,2568988
1997-01-07,1489.3,1515.3,1489.3,1515.3,3573386
1997-01-08,1518.3,1550.3,1518.3,1550.3,5416642
1997-01-09,1537.9,1564.8,1537.9,1559.6,4674870
1997-01-10,1551.9,1552.7,1547.1,1552.7,5936246
1997-01-13,1554.4,1559.4,1554.4,1558.2,3778241
1997-01-14,1564.3,1564.3,1553,1554.8,3234657
1997-01-15,1554.7,1575.7,1554.2,1557.7,3790332
1997-01-16,1586.2,1604,1571.5,1597.7,3658815
1997-01-17,1601,1613.6,1601,1613.6,4059878
1997-01-20,1599.1,1602.7,1592.2,1597.2,4212097
1997-01-21,1601.3,1601.3,1588.1,1600.4,4112747
1997-01-22,1616.4,1653.1,1616.4,1653.1,4433192
1997-01-23,1655.6,1686.8,1655.6,1686.2,5583041
1997-01-24,1695.8,1733.2,1695.8,1733.2,6338905
1997-01-27,1740.2,1749.1,1736.4,1737.4,6928328
1997-01-28,1712.1,1712.1,1685.2,1685.2,6204849
1997-01-29,1660,1672,1660,1664.6,5950190
1997-01-30,1647.6,1647.6,1633.1,1633.4,4207472
1997-01-31,1638.2,1655.8,1638.2,1655.8,3233979
1997-02-03,1677.9,1692,1677.9,1692,3603161
1997-02-04,1680.5,1680.5,1671.6,1673.5,4069888
1997-02-05,1679,1699.9,1679,1699.9,3785839
1997-02-06,1717.2,1779.8,1717.2,1779.8,4435886
1997-02-07,1778.2,1808.7,1778.2,1799,5448243
1997-02-10,1797.4,1797.4,1780.3,1783.3,6513315
1997-02-11,1803.3,1832.2,1803.3,1832,5146340
1997-02-12,1824.6,1824.6,1804.9,1810.2,5748398
1997-02-13,1843.4,1888.3,1843.4,1887.9,6054225
1997-02-14,1883,1898.3,1870.2,1870.2,6470972
1997-02-17,1874.1,1897.6,1874.1,1891.4,5876872
1997-02-18,1894.9,1908.8,1885.7,1885.7,5494772
1997-02-19,1880.7,1892.5,1876.2,1880.1,6051072
1997-02-20,1872.7,1876,1864.7,1864.7,5916235
1997-02-21,1860.6,1860.6,1841.5,1842,4658867
1997-02-24,1841.2,1845.5,1833.4,1835.3,3614626
1997-02-25,1836,1867.9,1836,1865.9,4251554
1997-02-26,1845.3,1845.3,1826.6,1826.6,5833348
1997-02-27,1804.4,1804.4,1761.8,1786.2,5849040
1997-02-28,1778.2,1789.5,1775,1780.1,4198359
1997-03-03,1762.3,1762.3,1748.1,1750.1,4068559
1997-03-04,1754.8,1780.6,1754.8,1778.9,4574877
1997-03-05,1766.7,1766.7,1757.3,1760,4608844
1997-03-06,1757,1785.7,1757,1785.7,5054990
1997-03-07,1772.3,1772.3,1756.1,1760.6,6245021
1997-03-10,1762.7,1776.4,1761.2,1776.4,4587696
1997-03-11,1778.7,1801.5,1776.7,1801.5,4478857
1997-03-12,1795.6,1795.6,1765.3,1765.5,5869545
1997-03-13,1746.6,1746.6,1706.7,1707.3,4853647
1997-03-14,1668.7,1671.1,1659,1665.3,6099254
1997-03-17,1661.2,1696,1661.2,1696,3529168
1997-03-18,1669.6,1671.8,1651.8,1653.9,3791549
1997-03-19,1638.7,1638.7,1623.5,1624.6,3280042
1997-03-20,1596.6,1624.2,1595.8,1624.2,3546388
1997-03-21,1590.8,1613,1590.8,1607.9,3640571
1997-03-24,1612.8,1624,1612.8,1621.7,3018988
1997-03-25,1610.7,1623.6,1610.7,1623.6,4228163
1997-03-26,1633.8,1677,1633.8,1670.2,5413023
1997-03-27,1665,1665,1648,1648,5149036
1997-04-01,1595.9,1595.9,1548.5,1552,5033069
1997-04-02,1531.9,1563.7,1531.9,1563.7,4412999
1997-04-03,1547.8,1548.3,1531.4,1544.1,5081972
1997-04-04,1546.6,1579.2,1546.6,1579.2,3611856
1997-04-07,1581,1596.9,1581,1596.9,4489499
1997-04-08,1609.7,1609.7,1587.2,1589.1,5066654
1997-04-09,1621.2,1638.4,1621.2,1636.5,5631563
1997-04-10,1616,1619.7,1612.9,1619.3,4298693
1997-04-11,1609.8,1620.2,1609.8,1614,3663031
1997-04-14,1566.5,1570.3,1557.6,1566.5,3789429
1997-04-15,1585.9,1587.9,1583.3,1585.7,4057339
1997-04-16,1618.8,1618.8,1601.8,1607.3,4958813
1997-04-17,1614.7,1614.7,1607.7,1608.1,4567458
1997-04-18,1619.5,1635.7,1619.5,1635.7,4214972
1997-04-21,1643.8,1653.1,1643.8,1652.2,4198010
1997-04-22,1656.1,1665.8,1652.9,1665.8,4607566
1997-04-23,1693.2,1693.2,1680.1,1686.7,6947965
1997-04-24,1690.2,1690.2,1661.9,1661.9,5087658
1997-04-25,1651.6,1651.6,1634.1,1634.1,4795296
1997-04-28,1611.9,1611.9,1611.9,1611.9,3984357
1997-04-29,1611.5,1615.7,1601.9,1601.9,3692463
1997-04-30,1634.4,1638.5,1624.8,1628.1,4286675
1997-05-05,1659.8,1669.1,1659.8,1669.1,5217850
1997-05-06,1681.4,1681.4,1644.8,1648.5,5908036
1997-05-07,1641.2,1645.5,1637.7,1640.9,5150288
1997-05-08,1616.9,1628.4,1616.9,1623.9,4013356
1997-05-09,1620.1,1620.1,1592.7,1592.7,3756903
1997-05-12,1600,1604.8,1598.4,1604.4,3345275
1997-05-13,1597,1600.3,1593.2,1596.1,4652862
1997-05-14,1602.4,1643.5,1602.4,1633.4,4758490
1997-05-15,1614.4,1620.7,1613,1616.3,4668305
1997-05-16,1632.1,1639.8,1628.3,1637,4836454
1997-05-19,1633.8,1641.1,1624.1,1624.1,3231772
1997-05-20,1636.4,1637.2,1614.7,1617.6,3104414
1997-05-21,1641.1,1649.2,1641.1,1645.6,3572173
1997-05-22,1640.7,1640.7,1611,1611.7,3542966
1997-05-23,1611.9,1611.9,1591.9,1591.9,3502713
1997-05-26,1590.4,1590.4,1590.4,1590.4,2849973
1997-05-27,1574.1,1581.9,1574.1,1578.4,3185839
1997-05-28,1574,1578.7,1570.8,1573.2,2372348
1997-05-30,1587,1615.4,1587,1605.4,2529301
1997-06-02,1613.3,1621,1612.8,1618.1,2876196
1997-06-03,1618.9,1618.9,1597.6,1597.6,3350718
1997-06-04,1599.8,1599.8,1575.3,1575.3,2729009
1997-06-05,1588.1,1598.4,1588.1,1596.2,2931291
1997-06-06,1608.3,1613,1607.7,1612.1,2173820
1997-06-09,1604.7,1604.7,1594.5,1594.5,2612413
1997-06-10,1604.9,1608.4,1603.8,1603.8,2179581
1997-06-11,1622.5,1649.6,1622.5,1649.6,2576108
1997-06-12,1655.3,1655.4,1649.3,1649.3,2660842
1997-06-13,1653.7,1654.1,1645.6,1650.8,2698102
1997-06-16,1628,1628,1616.6,1617.3,2631970
1997-06-17,1599.3,1599.7,1589.9,1591.7,2138688
1997-06-18,1584.4,1584.4,1569.4,1573.5,1981578
1997-06-19,1605.6,1625.7,1605.6,1625.7,2458395
1997-06-20,1605.2,1605.2,1586.6,1587.2,2345954
1997-06-23,1583.5,1583.5,1576.2,1576.6,2378348
1997-06-24,1566.9,1571.7,1565.4,1566.2,2170085
1997-06-25,1561.5,1561.5,1541.7,1541.9,1858172
1997-06-26,1512.3,1515.9,1504.4,1504.4,2067650
1997-06-27,1504.5,1526.2,1504.5,1524.4,2445485
1997-06-30,1503.8,1503.8,1489.9,1490.4,2941181
1997-07-01,1493.7,1495.4,1492.4,1492.4,3361869
1997-07-02,1481.6,1487.3,1480.8,1483.1,3353157
1997-07-03,1508,1538,1508,1538,3525467
1997-07-04,1557.8,1560.1,1557.2,1559.6,3009537
1997-07-07,1566.2,1566.2,1560.3,1560.3,2729737
1997-07-08,1566.7,1578.1,1566.7,1578.1,2590594
1997-07-09,1575.7,1587.3,1575.7,1585.9,2886218
1997-07-10,1585.2,1585.2,1573.6,1575.3,6241056
1997-07-11,1569.1,1569.1,1552.4,1552.4,4050689
1997-07-14,1528.6,1528.6,1502,1502.4,3951288
1997-07-15,1487.7,1503.1,1487.7,1501.7,3947212
1997-07-16,1498.7,1500.5,1494.9,1496.7,3456916
1997-07-17,1498,1505.8,1498,1504.7,3581328
1997-07-18,1497.1,1497.1,1481.7,1481.7,3017076
1997-07-21,1481.6,1481.6,1472.8,1472.8,3028772
1997-07-22,1469,1475,1468.6,1473.6,2894447
1997-07-23,1476.4,1476.4,1464.9,1464.9,2835900
1997-07-24,1463.7,1465.5,1463.5,1463.7,2899482
1997-07-25,1461.1,1461.6,1449.1,1450.8,2914924
1997-07-28,1453.7,1453.7,1445.9,1451.3,2826561
1997-07-29,1448.5,1473.3,1448.5,1473.3,2871925
1997-07-30,1467.4,1494.2,1467.4,1492.1,2877391
1997-07-31,1491.2,1491.4,1477,1477,3015475
1997-08-01,1476.2,1487.9,1476.2,1487.6,2878728
1997-08-04,1476,1486.3,1476,1486.3,2303310
1997-08-05,1500.7,1526.6,1500.7,1526.6,2998931
1997-08-06,1523.5,1534.2,1522.8,1532,3513789
1997-08-07,1573.9,1630.4,1573.9,1630,4111781
1997-08-08,1654.8,1704.2,1654.8,1698.7,6401639
1997-08-11,1708.8,1708.8,1686,1687.2,5303045
1997-08-12,1704.7,1741,1704.7,1733.1,4836372
1997-08-13,1709.1,1709.1,1709.1,1709.1,4319239
1997-08-14,1681.9,1682.1,1663.7,1663.7,2520711
1997-08-18,1637.4,1637.4,1626.5,1626.5,3182493
1997-08-19,1644.7,1659.8,1644.7,1659.8,2775547
1997-08-20,1674.8,1675.4,1662.8,1665.3,3153755
1997-08-21,1673,1673,1663.4,1663.7,2318031
1997-08-22,1670.7,1677,1670.7,1674.4,2021778
1997-08-25,1659.1,1659.1,1649.7,1650.3,1995160
1997-08-26,1656.1,1665,1655.2,1664.3,1989879
1997-08-27,1679.1,1679.7,1669.6,1679.7,2881479
1997-08-28,1691.1,1697,1672.5,1693.7,3019424
1997-08-29,1662.7,1668.2,1658,1660.3,2875787
1997-09-01,1634.5,1648.9,1634.5,1646.9,2106284
1997-09-02,1642.5,1646.5,1642,1644.7,2359031
1997-09-03,1692.6,1697.4,1692.6,1695.4,3738323
1997-09-04,1689.2,1689.9,1679.8,1680.8,2676147
1997-09-05,1689,1704.9,1689,1702.5,2770281
1997-09-08,1705.6,1709.6,1704.2,1708.7,2494241
1997-09-09,1732.2,1735.8,1728.7,1734.8,3141439
1997-09-10,1742.9,1743,1731.2,1731.4,3962461
1997-09-11,1730.8,1750.6,1730.8,1746.4,3218548
1997-09-12,1755,1760.3,1746,1746,3080470
1997-09-15,1768.3,1777.8,1768.3,1777.8,3246392
1997-09-16,1771.3,1771.3,1766.3,1767,3100914
1997-09-17,1766.9,1767.9,1755.8,1755.8,3539358
1997-09-18,1756.1,1759,1755.7,1756.8,3069523
1997-09-19,1770.9,1778.7,1770.9,1778.4,3595083
1997-09-22,1791,1802.6,1788,1801.4,4015198
1997-09-23,1792.2,1792.3,1781.7,1781.9,3836057
1997-09-24,1784.2,1784.2,1757,1773.3,2796197
1997-09-25,1769.7,1769.7,1756.8,1757.5,3134413
1997-09-26,1730.9,1754.4,1729.2,1754.4,3897451
1997-09-29,1732.9,1738,1732.5,1733.1,3119235
1997-09-30,1733.2,1737.9,1730,1730.8,2992853
1997-10-01,1740.5,1750,1740.5,1748.6,2729608
1997-10-02,1745,1745,1732,1732.5,3083009
1997-10-03,1744.3,1746.8,1738.4,1740.1,2532107
1997-10-06,1699.5,1712.9,1698.6,1706.2,2451542
1997-10-07,1710.4,1723.4,1710.4,1713.7,2995491
1997-10-08,1717.1,1733.9,1717.1,1733.8,3343491
1997-10-09,1724.9,1727,1719.5,1719.5,4103945
1997-10-10,1736.8,1738.6,1733.6,1735,3425251
1997-10-13,1738,1758.5,1738,1758.5,3307579
1997-10-14,1766.5,1782.4,1766.5,1782.4,4314923
1997-10-15,1778.2,1794.1,1778.2,1794.1,4562752
1997-10-16,1788.8,1788.8,1776.2,1778.2,3977517
1997-10-17,1761,1787.3,1761,1784.4,3520914
1997-10-20,1759.9,1759.9,1756,1757.3,3734835
1997-10-21,1752.1,1762.7,1750.3,1750.3,3643199
1997-10-22,1753.4,1759.9,1750.3,1753.2,3974372
1997-10-23,1727.7,1727.7,1678.3,1678.3,4678828
1997-10-24,1679.1,1707.4,1679.1,1705.6,4210573
1997-10-27,1626.2,1627.4,1596.5,1596.5,4675602
1997-10-28,1466.7,1466.7,1379.9,1385.7,3142914
1997-10-29,1577.1,1589.3,1566.7,1589.3,6624826
1997-10-30,1516.5,1536.5,1505.9,1507.4,4910699
1997-10-31,1521.9,1543.9,1521.9,1543.9,3675448
1997-11-03,1547.4,1585,1547.4,1585,3841207
1997-11-04,1585,1588.7,1580,1580.4,4069442
1997-11-05,1581.6,1581.6,1562.8,1562.8,2994410
1997-11-06,1586,1586.1,1576.4,1576.7,2359032
1997-11-07,1545.6,1555.4,1544.8,1546.3,2612255
1997-11-12,1471.5,1471.5,1443.8,1452.7,2990976
1997-11-13,1395.3,1418.2,1395.3,1414.7,3939414
1997-11-14,1411.9,1423.3,1408.7,1421.8,3544954
1997-11-17,1451.2,1466.4,1450.1,1466.4,3558012
1997-11-18,1463.4,1463.4,1436.1,1437.4,3127979
1997-11-19,1380.5,1420.4,1380.5,1418.1,3254085
1997-11-20,1403.2,1410.4,1401.7,1408.6,3309872
1997-11-21,1435.7,1463.3,1435.7,1455.2,3824749
1997-11-24,1426.5,1426.5,1399.1,1403.3,3935932
1997-11-25,1398.6,1412,1398.6,1411.4,4498746
1997-11-26,1410.4,1413.2,1395,1395,3487954
1997-11-27,1407.6,1407.6,1399.9,1399.9,3147416
1997-11-28,1411.1,1411.1,1402.8,1409.5,3912425
1997-12-01,1418.6,1470.6,1418.6,1470.6,3663988
1997-12-02,1470.2,1494,1468.8,1492.7,4232075
1997-12-03,1472.8,1476.5,1466.3,1476.5,3960871
1997-12-04,1482.2,1511.8,1482.2,1504.5,4924405
1997-12-05,1490,1490,1481,1484.1,4051935
1997-12-08,1473.9,1478,1463.8,1468.6,3040422
1997-12-09,1470.4,1470.4,1460.2,1463.2,2879715
1997-12-10,1450.7,1454.4,1445.2,1445.2,2769230
1997-12-11,1405.8,1405.8,1380.6,1389.8,3507951
1997-12-12,1381.6,1397.3,1379.1,1397.3,3673026
1997-12-15,1399.2,1415.5,1399.2,1412,2473829
1997-12-16,1423.7,1426,1417.6,1418.7,3020730
1997-12-17,1409.3,1409.3,1379.2,1380.2,2906283
1997-12-18,1384.7,1394.4,1384.7,1392.2,2554828
1997-12-19,1359.7,1359.7,1339.5,1339.8,4317290
1997-12-22,1351.5,1351.5,1334.1,1335.8,2791915
1997-12-23,1352.2,1374.3,1352.2,1374.3,2642815
1997-12-29,1401,1451.3,1401,1450.6,5250863
1997-12-30,1444.4,1451.7,1444.4,1448.7,3679240
1997-12-31,1457.8,1487.4,1457.8,1487.2,3424574
1998-01-05,1476,1481.1,1458.1,1481.1,4055730
1998-01-06,1475.2,1475.2,1433.1,1434.9,3163301
1998-01-07,1403.8,1403.8,1403.8,1403.8,2687621
1998-01-08,1424.6,1424.6,1407,1407,3454621
1998-01-09,1402.3,1405,1380.8,1393.3,3745113
1998-01-12,1312.9,1314.6,1285.7,1286.1,4841995
1998-01-13,1356.5,1358.5,1342.6,1358.5,3379748
1998-01-14,1377.1,1377.1,1350.1,1357.6,3299788
1998-01-15,1357.7,1357.7,1348.4,1351.2,2607725
1998-01-16,1382.8,1420.1,1382.8,1420.1,3788554
1998-01-19,1425.8,1428.4,1417.4,1423.8,4119238
1998-01-20,1422.3,1422.3,1408.6,1416.9,2546092
1998-01-21,1409.6,1409.6,1385.8,1385.8,3019055
1998-01-22,1384.3,1404.7,1384.3,1397.9,3623855
1998-01-23,1391.8,1417.3,1391.8,1415,4118348
1998-01-26,1404.9,1409.2,1392.3,1392.3,2924888
1998-01-27,1408.7,1422.1,1408.7,1422.1,2822077
1998-01-28,1435,1469.5,1435,1468.9,4435412
1998-01-29,1471.5,1507.4,1471.5,1490.7,6370197
1998-01-30,1493.3,1500.6,1483.3,1500.6,7860233
1998-02-02,1541,1583.7,1541,1583.7,6443943
1998-02-03,1579.5,1599.1,1578.6,1596.5,6516880
1998-02-04,1583,1583,1563.1,1563.4,7140081
1998-02-05,1589.6,1651.4,1589.6,1646.1,8561703
1998-02-06,1633.3,1672.8,1633.3,1647.8,9309533
1998-02-09,1718.7,1737,1718.7,1731,10645883
1998-02-10,1718.3,1719.4,1706.4,1709.5,9744093
1998-02-11,1724,1741.8,1707.7,1708.2,7182984
1998-02-12,1698.9,1698.9,1639.9,1640.7,6876915
1998-02-13,1658.5,1676.6,1658.5,1676,6179122
1998-02-16,1674.7,1674.7,1659.2,1659.8,3635280
1998-02-17,1671.8,1688.9,1670.3,1688.9,4840852
1998-02-18,1702.3,1732.7,1702.3,1725.5,5556004
1998-02-19,1759.8,1792.9,1759.8,1773.5,9919172
1998-02-20,1770.7,1780,1760.5,1771.7,7633817
1998-02-23,1793.3,1819.4,1793.3,1818.1,7095459
1998-02-24,1790.4,1790.4,1754.4,1757.4,7674974
1998-02-25,1777.2,1783.5,1771.2,1781.4,5468240
1998-02-26,1807.5,1807.5,1792.6,1792.8,8808104
1998-02-27,1817.4,1817.4,1802.8,1803.6,6574384
1998-03-02,1806.4,1856.6,1806.4,1856.6,7019687
1998-03-03,1827.2,1827.2,1785.2,1789.3,6331478
1998-03-04,1778.2,1778.2,1755.2,1757.9,5914398
1998-03-05,1722.7,1722.7,1705.8,1708.5,4307983
1998-03-06,1736,1771.8,1736,1768.2,3723156
1998-03-09,1813.3,1873.1,1813.3,1860.2,5754155
1998-03-10,1890.7,1922.7,1890.7,1915.8,8295715
1998-03-11,1928,1928,1872.8,1879.1,7503476
1998-03-12,1885.5,1928.7,1885.5,1928.4,6092253
1998-03-13,1926.2,1926.2,1900.7,1903,6447279
1998-03-16,1888.1,1898.2,1881.3,1883,4844203
1998-03-17,1875.7,1875.7,1848.3,1863.5,6052491
1998-03-18,1875.3,1895.6,1875.3,1894.6,6230164
1998-03-19,1872.9,1872.9,1860.9,1862.1,5487312
1998-03-20,1859.6,1868.4,1840.5,1868.4,4787733
1998-03-23,1847.8,1847.8,1828.3,1830.8,3754607
1998-03-24,1823.5,1823.5,1793.7,1795.5,3736803
1998-03-25,1801.6,1821.7,1799.3,1820.3,4569141
1998-03-26,1815.2,1815.2,1784.1,1786.5,4105898
1998-03-27,1762.4,1779.3,1762.4,1779.1,5639062
1998-03-30,1756.9,1756.9,1731.4,1733,4236480
1998-03-31,1715.7,1742,1715.7,1740.7,3883363
1998-04-01,1743,1743,1726.1,1726.1,3318533
1998-04-02,1734.2,1738.6,1733,1735.5,3023051
1998-04-06,1753.4,1793.5,1753.4,1791.4,4008453
1998-04-07,1808.8,1825.5,1808.8,1817.1,4583222
1998-04-08,1801.4,1801.4,1781.7,1787.5,3335204
1998-04-09,1772.2,1789.1,1772.2,1788.8,3694080
1998-04-14,1823.1,1847.6,1823.1,1847.6,3497853
1998-04-15,1825.3,1841.5,1813.6,1839.2,5681258
1998-04-16,1820.7,1820.7,1794.4,1797,4069811
1998-04-17,1788.2,1788.2,1779.7,1783.8,3356805
1998-04-20,1787.6,1787.6,1762.7,1763.1,3527289
1998-04-21,1741.2,1760,1732.9,1760,4981360
1998-04-22,1766.2,1781.6,1762.4,1769.1,4920867
1998-04-23,1780.9,1814.1,1780.9,1810.9,6336519
1998-04-24,1814.8,1855.2,1814.8,1850.1,6890322
1998-04-27,1837.8,1837.8,1803.7,1803.7,5437588
1998-04-28,1798.2,1798.5,1789.8,1798.5,5206921
1998-04-29,1809.6,1850.3,1809.6,1837.2,5259423
1998-04-30,1842.8,1874.2,1842.8,1874,5412564
1998-05-04,1873.1,1888.8,1873.1,1879.9,5450866
1998-05-05,1891.4,1891.4,1867.2,1875.9,5723117
1998-05-06,1875.8,1889.6,1875.8,1879.2,5171408
1998-05-07,1862.4,1867.5,1859.4,1863.9,6817913
1998-05-08,1856.3,1877.6,1856.3,1869.1,6764033
1998-05-11,1874.4,1878.1,1860.8,1860.8,5483306
1998-05-12,1850.1,1850.1,1824.3,1824.8,5035180
1998-05-13,1827,1837.1,1803.3,1807.5,4996873
1998-05-14,1796.9,1810.9,1780.7,1800.7,5013393
1998-05-15,1789.3,1805.3,1787.9,1803.6,4362226
1998-05-18,1786.8,1786.8,1730.7,1739.4,3663424
1998-05-19,1735.6,1766.1,1726.9,1766.1,4188878
1998-05-20,1743.2,1758.4,1743.2,1747.8,4967895
1998-05-21,1817.6,1848.2,1817.6,1847.9,7206090
1998-05-22,1797.5,1797.5,1780.3,1780.3,4567779
1998-05-25,1775.4,1775.4,1749.4,1754.8,3279293
1998-05-26,1716.3,1731.3,1716.3,1727.8,3995177
1998-05-27,1658.1,1658.1,1607.2,1615.3,5475838
1998-05-28,1656.9,1666.6,1644.4,1660.2,5650995
1998-05-29,1639.2,1639.2,1613.1,1617.6,4853283
1998-06-01,1560,1560,1511,1515.4,4239721
1998-06-02,1501.8,1522.2,1500.4,1506.6,8587352
1998-06-03,1544.2,1590.5,1544.2,1587.5,5558733
1998-06-04,1602.4,1625.4,1602.4,1609.7,5935045
1998-06-05,1642.7,1674.1,1642.7,1673,4676668
1998-06-08,1702.2,1702.2,1667.9,1669.6,4256061
1998-06-09,1671.9,1671.9,1626.2,1627,3148230
1998-06-10,1619.6,1639.8,1619.5,1636.4,4555674
1998-06-15,1542.7,1545.4,1527,1528.2,3998559
1998-06-16,1547.6,1591.6,1547.6,1591.1,4275893
1998-06-17,1606,1640.9,1606,1613.8,6367815
1998-06-18,1675.2,1675.2,1627.5,1630.9,5206152
1998-06-19,1626.6,1634.2,1609.6,1634,8518530
1998-06-22,1642.7,1659.4,1642.7,1644.4,4243924
1998-06-23,1654.9,1654.9,1621.8,1623.8,3869175
1998-06-24,1630.2,1632,1623.1,1628.5,3144857
1998-06-25,1636.6,1663.4,1636.6,1654.8,4696723
1998-06-26,1628,1628,1611.8,1623.2,3743133
1998-06-29,1617.8,1622.6,1603,1603,3995960
1998-06-30,1619.8,1627.4,1613.2,1614.3,6638228
1998-07-01,1623.7,1631.6,1622.2,1630.9,5257566
1998-07-02,1657.9,1672.1,1657.9,1672.1,6221317
1998-07-03,1687.6,1720,1687.6,1717.6,6150373
1998-07-06,1726.5,1751.6,1726.5,1750.4,6739373
1998-07-07,1752.3,1752.3,1730.9,1736.8,7000102
1998-07-08,1728.1,1728.1,1694.8,1695.5,5241061
1998-07-09,1697.3,1697.3,1697.3,1697.3,3854436
1998-07-10,1681.1,1701.8,1681.1,1701.8,3991056
1998-07-13,1719.5,1775.1,1719.5,1773.2,5253091
1998-07-14,1800.9,1818.1,1792.5,1798.5,6842944
1998-07-15,1814.9,1814.9,1788.5,1790.2,6226224
1998-07-16,1781,1809.5,1777.7,1803.3,4632111
1998-07-17,1830.6,1830.6,1807.1,1811.8,8321124
1998-07-20,1820.4,1852.7,1820.4,1852.1,5570304
1998-07-21,1838.3,1854.7,1823.6,1823.6,6897229
1998-07-22,1787.7,1787.7,1766,1767.2,5580730
1998-07-23,1766.9,1823.5,1766.9,1823.5,4921186
1998-07-24,1775.4,1797.2,1775.4,1797.2,4630593
1998-07-27,1762.6,1762.6,1724.8,1726.3,4932049
1998-07-28,1729.3,1729.3,1716.3,1723.3,5570824
1998-07-29,1689.6,1709.3,1682.2,1709.3,4519278
1998-07-30,1697.3,1711.5,1696.9,1699.5,4022090
1998-07-31,1715.2,1715.2,1691.5,1698.9,3526116
1998-08-03,1651,1651,1638.3,1639.7,3605732
1998-08-04,1643.4,1673.5,1643.4,1670.5,4067962
1998-08-05,1602.9,1614.5,1600,1614.5,4914777
1998-08-06,1620.5,1622.2,1594.8,1595.7,3423098
1998-08-07,1606.3,1634.6,1606.3,1632.1,4000861
1998-08-10,1622.4,1622.7,1614,1614,3034491
1998-08-11,1571.6,1571.6,1484.9,1488.6,3784222
1998-08-12,1517.8,1529.8,1505.9,1529.8,4847173
1998-08-13,1447.8,1447.8,1419.2,1427.9,4705989
1998-08-14,1466.2,1493.5,1466.2,1488.6,5099199
1998-08-17,1422.6,1437.2,1422.6,1431.2,3390032
1998-08-18,1495.3,1505.9,1491.4,1500.4,4698504
1998-08-19,1531,1547.2,1524.8,1541.7,6226373
1998-08-20,1510.6,1513.8,1501.9,1502.3,4659462
1998-08-21,1454.4,1456.3,1425.1,1430.9,5624590
1998-08-24,1444.4,1444.4,1424.2,1434.5,5037926
1998-08-25,1446.6,1449.6,1435.3,1436.7,6604441
1998-08-26,1415.3,1415.3,1359.1,1366.7,4794662
1998-08-27,1313.1,1313.1,1228.2,1231.1,6426156
1998-08-28,1186.6,1226.9,1150.2,1217.9,4986105
1998-08-31,1169.4,1175.4,1161.4,1170.5,6677553
1998-09-01,1092.2,1129,1092.2,1094.7,7281734
1998-09-02,1179,1212.6,1179,1197.8,6621007
1998-09-03,1184.5,1191.2,1149.2,1152.1,7718180
1998-09-04,1183.6,1203.5,1183.6,1197.9,7463352
1998-09-07,1241.4,1281.7,1241.4,1268.8,5557686
1998-09-08,1268.8,1313.5,1264.1,1308.7,7550838
1998-09-09,1265.2,1269.5,1255,1255,7765994
1998-09-10,1235.5,1242.4,1223.8,1224,5725696
1998-09-11,1177.2,1191.7,1174.8,1184.7,6626588
1998-09-14,1214.6,1227.6,1214.6,1222.5,5177294
1998-09-15,1224.9,1224.9,1185.2,1186.4,5153101
1998-09-16,1219.8,1219.8,1210.2,1215.9,4994670
1998-09-17,1196.1,1196.1,1148.8,1151.4,4677739
1998-09-18,1152.9,1171,1151,1170.5,5461399
1998-09-21,1141,1141,1118.2,1123.3,4498543
1998-09-22,1161.5,1186,1161.5,1185.5,5927470
1998-09-23,1202.5,1221.1,1202.5,1207,4556425
1998-09-24,1277.2,1277.2,1259.7,1259.7,7101552
1998-09-25,1222.7,1222.7,1212.5,1218.2,5018757
1998-09-28,1252.1,1252.1,1228.1,1233.5,3289058
1998-09-29,1234.1,1234.7,1228.2,1231.4,3770084
1998-09-30,1188.3,1188.3,1161.6,1172.6,6306740
1998-10-01,1092.7,1092.7,1060.2,1064.6,5102455
1998-10-02,1031.9,1070,1031.9,1066.1,5785420
1998-10-05,1033.6,1051.4,1015.7,1017.9,4107024
1998-10-06,1011.7,1029.9,1001.9,1025.6,5820721
1998-10-07,1052.5,1052.5,1009.3,1011.4,5365035
1998-10-08,1021.1,1021.1,971.3,971.3,3616538
1998-10-09,994.5,1004.6,994.5,1004.3,3195626
1998-10-12,1049.5,1056.5,1039.1,1055.6,4697567
1998-10-13,1033.2,1042,1022.1,1023.8,5017683
1998-10-14,1016.1,1022.2,1014.6,1018.1,3792989
1998-10-15,1028.3,1028.3,998.7,1001.9,4314777
1998-10-16,1058.6,1058.6,1032.4,1049.8,4500827
1998-10-19,1036.4,1036.4,1026.7,1028,3111376
1998-10-20,1038.2,1073.1,1038.2,1068.3,4957975
1998-10-21,1058.6,1074,1058.6,1073.1,4742005
1998-10-22,1085,1124.7,1085,1123.8,4873811
1998-10-23,1132.3,1177,1132.3,1166.6,5578684
1998-10-26,1166.9,1205.4,1166.9,1203.8,5088598
1998-10-27,1197.5,1198.7,1178.7,1186.7,7347024
1998-10-28,1159,1159.8,1148.4,1151.6,4715611
1998-10-29,1160.9,1181,1160.9,1174.1,4413896
1998-10-30,1208.8,1233.1,1208.8,1224.6,6228679
1998-11-02,1273.3,1324.4,1273.3,1324.2,5732635
1998-11-03,1301.9,1301.9,1266.3,1268.1,5957349
1998-11-04,1284.7,1319.8,1284.7,1318.3,5252749
1998-11-05,1310.7,1310.7,1286,1286.5,7947730
1998-11-06,1306.3,1306.3,1278.9,1285.1,4498150
1998-11-09,1294.9,1294.9,1276,1278.3,3613254
1998-11-10,1246.1,1247.9,1230.9,1232.6,4108694
1998-11-12,1209.6,1209.8,1198.6,1203.8,6016245
1998-11-13,1209.3,1251.1,1209.3,1247.9,5737600
1998-11-16,1289.6,1320.4,1289.6,1312.4,5466543
1998-11-17,1270.2,1270.2,1247.2,1250.8,5442479
1998-11-18,1254.5,1254.5,1231.7,1231.7,9759506
1998-11-19,1231.2,1231.2,1208.5,1221.8,9483075
1998-11-20,1233,1240.6,1230,1231.9,6748462
1998-11-23,1258.7,1260.4,1238.6,1239.7,6237007
1998-11-24,1236.6,1236.6,1193.8,1206.2,6302552
1998-11-25,1203.1,1207.9,1190.6,1206.1,7842709
1998-11-26,1205,1208.5,1200.2,1203.4,6292571
1998-11-27,1174.4,1178.7,1139.2,1143.6,6116746
1998-11-30,1125.8,1140.9,1125.8,1138.4,6474081
1998-12-01,1095.8,1096.5,1079,1079.9,6725586
1998-12-02,1099.3,1118.6,1099.3,1117.9,6761091
1998-12-03,1098,1151.9,1098,1134.6,7230527
1998-12-04,1125.9,1158.3,1125.9,1156.2,7986910
1998-12-07,1177.2,1181.5,1173.6,1175.6,7789904
1998-12-08,1172.9,1176.6,1165.5,1176.6,6077853
1998-12-09,1172.3,1185,1172.3,1175.8,6924434
1998-12-10,1176.5,1188.2,1170.3,1170.3,8881619
1998-12-11,1144.9,1147.6,1140.2,1147.3,5902805
1998-12-14,1125,1135,1119.8,1120.6,4818975
1998-12-15,1131.9,1133.6,1126.5,1129.6,4495850
1998-12-16,1120.7,1131.3,1119.3,1127.4,5647072
1998-12-17,1125,1125,1116.4,1117,4296856
1998-12-18,1128,1134.5,1125.7,1127.5,4761884
1998-12-21,1119.8,1127.3,1119.3,1125.9,3881567
1998-12-22,1137.7,1160.7,1137.7,1156.6,6554044
1998-12-23,1175.5,1196.4,1175.5,1196.4,5968887
1998-12-28,1220.7,1251.1,1220.7,1247.5,5796901
1998-12-29,1247.1,1247.1,1211.8,1213.2,6312793
1998-12-30,1214.7,1219.2,1205.4,1218.8,5515309
1998-12-31,1221,1241.5,1219.6,1241.2,5052011
1999-01-04,1269.5,1291.3,1269.5,1289.1,8590724
1999-01-05,1288.5,1288.5,1263.6,1264.7,6712132